HUGO_gene	mutations	epitope_name(s)	IAR_sequence	binding_score	num_pept	num_MHC	T/N	TPM	naive_rank	boosted_rank	binding_MHCs
ASF1A-PPA2	FUSION	neoepitope_26	PAGRHMFVFQILMMLRSSNRVTWK	0.03	21	3	0	16524.72	1	1	DRB1_0403,HLA-DQA1*05:01/DQB1*02:01,HLA-DRB1*03:01
VWA7	T>A	neoepitope_8	FTLVAQGRAGAGLAAGSPW	0.5	5	1	0	5.18	2	2	HLA-DQA10501/DQB10302
RNGTT-RPF1	FUSION	neoepitope_7	AVPRYLIYDIIKFNEKLAAKKKLKK	0.98	11	1	0	131.38	6	3	HLA-DRB1*03:01
ENPP5	L>I	neoepitope_18	MTSKFILVSFILAALSLSTT	1.1	24	6	1	2.28	7	4	DRB1_0403,HLA-DQA1*05:01/DQB1*02:01,HLA-DQA10303/DQB10201,HLA-DQA10303/DQB10302,HLA-DQA10501/DQB10302,HLA-DRB1*03:01
EIF3K-CYP39A1	FUSION	neoepitope_23	IDRWLLAEMLGDLSASIPKNVFL	0.725	11	3	0	0.0	4	5	HLA-DQA10303/DQB10201,HLA-DQA10303/DQB10302,HLA-DRB1*03:01
CCHCR1	R>W	neoepitope_14	GLQLELSRAQEARRWWQQQTASAEEQLRL	0.8	8	2	0	99.68	5	6	HLA-DQA10303/DQB10302,HLA-DRB1*03:01
HLA-DRB1	Q>H	neoepitope_15	IHNGDWTFQTLVMLET	1.9	5	3	0	125.42999999999999	10	7	HLA-DQA1*05:01/DQB1*02:01,HLA-DQA10303/DQB10201,HLA-DQA10303/DQB10302
ARID1B	G>A	neoepitope_17	PSPGGQMHAAISSFQQSN	3.0	4	1	4	103.89	11	8	HLA-DQA10501/DQB10302
ATXN1	P>S	neoepitope_33	LKFPEKMGLSAAPFLTKIE	3.68	8	2	8	63.440000000000005	12	9	HLA-DQA10501/DQB10302,HLA-DRB1*03:01
CCHCR1	S>R	neoepitope_12,neoepitope_13	LAGAEVVRKNLEEGRQREL	3.74	3	1	3	99.68	13	10	HLA-DRB1*03:01
CDC40-SNX3	FUSION	neoepitope_11	NPTYETMFAPEVVVPP	4.28	2	1	0	276.04999999999995	14	11	HLA-DQA1*05:01/DQB1*02:01
DST	M>I	neoepitope_29	ETIKAFLKKLEALIASNDNA	1.5	6	1	0	93.07	8	12	DRB1_0403
HIVEP1	A>G	neoepitope_24	VQQLCDINLLNQIHG	4.81	1	1	0	165.51999999999998	16	13	HLA-DRB1*03:01
CEP85L	S>F	neoepitope_19	LAFTEKEVLQLNEFL	5.0	1	1	1	56.64	17	14	HLA-DQA10303/DQB10201
ASF1A-PPA2	FUSION	neoepitope_27	AGRHMFVFQVSSSPNKESN	0.7	8	2	0	2065.59	3	15	DRB1_0403,HLA-DRB1*03:01
TXNRD1-RPS18	FUSION	neoepitope_5	LIIIGGGSGGLAAGVGRRYAH	1.9	7	1	0	0.0	9	16	HLA-DQA10501/DQB10302
TXNRD1-RPS18	FUSION	neoepitope_4	GCIPKKLMHQGVGRRYAHV	4.375	5	1	0	0.0	15	17	HLA-DRB1*03:01
