HUGO_gene	mutations	epitope_name(s)	IAR_sequence	binding_score	num_pept	num_MHC	overlap	T/N	TPM	naive_rank	boosted_rank	binding_MHCs
IPO8-FTH1	FUSION	neoepitope_63	KNYFVLSHSYYF	0.15	8	3	5	0	4.240000000000001	1	1	HLA-A*29:02,HLA-B*08:01,HLA-C*06:02
PCLO	D>Y	neoepitope_179	DEEEKEIYAKLRYLEM	0.2	11	5	3	5	2.37	7	2	HLA-A*29:02,HLA-B*08:01,HLA-B*45:01,HLA-C*06:02,HLA-C*07:01
SURF1	N>K	neoepitope_110	VQRRKWKLKLIAEL	0.3	10	3	5	1	6.37	10	3	HLA-B*08:01,HLA-C*06:02,HLA-C*07:01
ZNF548	D>Y	neoepitope_16	LTEGRVVFEYVAIYFS	0.45	13	4	7	5	4.44	22	4	HLA-A*29:02,HLA-B*45:01,HLA-C*06:02,HLA-C*07:01
ZNF548	D>Y	neoepitope_15,neoepitope_178	PTQGRVVFEYVAIYFS	0.45	11	4	6	5	1.45	23	5	HLA-A*29:02,HLA-B*45:01,HLA-C*06:02,HLA-C*07:01
MSH6	D>N	neoepitope_31	THYHSLVENYSQNVAVRL	0.4	11	4	3	6	27.009999999999998	19	6	HLA-A*29:02,HLA-B*45:01,HLA-C*06:02,HLA-C*07:01
ZNF646-CTF1	FUSION	neoepitope_157	LHSENRRRRFFIFKHFIY	0.2	14	5	2	0	1.17	4	7	HLA-A*29:02,HLA-B*08:01,HLA-B*45:01,HLA-C*06:02,HLA-C*07:01
ANXA4	T>M	neoepitope_37	IVGMMMPTVLYDV	0.3	8	4	2	4	20.35	14	8	HLA-A*29:02,HLA-B*08:01,HLA-C*06:02,HLA-C*07:01
EN2	Q>R	neoepitope_25	LKAEFRTNRYLTEQ	0.65	8	4	3	4	0.65	36	9	HLA-A*29:02,HLA-B*45:01,HLA-C*06:02,HLA-C*07:01
RPRD1A	Q>H	neoepitope_44	SELSNSQHSVQTLSLW	0.8	11	4	3	3	30.02	41	10	HLA-B*08:01,HLA-B*45:01,HLA-C*06:02,HLA-C*07:01
IPO8-FTH1	FUSION	neoepitope_51	NYFVLSHVLVHLI	1.3	12	4	4	0	0.53	57	11	HLA-A*29:02,HLA-B*08:01,HLA-C*06:02,HLA-C*07:01
DHX32	P>R	neoepitope_175	VLLARRELKLIINSS	0.45	7	4	2	5	33.09	24	12	HLA-B*08:01,HLA-B*45:01,HLA-C*06:02,HLA-C*07:01
IPO8-FTH1	FUSION	neoepitope_49	DRQQIRDNILTTLTAM	1.2	11	4	3	0	0.0	51	13	HLA-B*08:01,HLA-B*45:01,HLA-C*06:02,HLA-C*07:01
TESK1	H>Y	neoepitope_89	AGEPWNRAQYSLPRAAAL	0.6	7	3	3	1	8.45	32	14	HLA-A*29:02,HLA-B*08:01,HLA-B*45:01
MSH6	R>K	neoepitope_30	STHYHISRKLFSKCCCAL	0.6	10	4	2	0	0.61	31	15	HLA-A*29:02,HLA-B*08:01,HLA-C*06:02,HLA-C*07:01
ZNF646-CTF1	FUSION	neoepitope_158	AEEERRYKFFIFKHFIY	0.2	9	3	3	0	0.39	3	16	HLA-A*29:02,HLA-B*08:01,HLA-B*45:01
MAU2	S>R	neoepitope_137	VKFEAARLLSELY	0.8	8	4	2	5	11.59	42	17	HLA-A*29:02,HLA-B*08:01,HLA-C*06:02,HLA-C*07:01
IPO8-FTH1	FUSION	neoepitope_55	FGKVLQSDSYYF	0.8	5	1	3	0	80.00000000000004	40	18	HLA-A*29:02
CCHCR1	R>W	neoepitope_164	SRAQEARRWWQQQTA	2.2	10	3	5	2	5.53	92	19	HLA-B*45:01,HLA-C*06:02,HLA-C*07:01
RNF149	E>K	neoepitope_182	MAWRRRKASVGA	0.5	6	2	3	2	22.15	27	20	HLA-B*08:01,HLA-C*06:02
OSTC	F>L	neoepitope_127	METLYRVPLLVLEC	1.2	10	5	1	3	167.31	52	21	HLA-A*29:02,HLA-B*08:01,HLA-B*45:01,HLA-C*06:02,HLA-C*07:01
TRPM7	K>T	neoepitope_36	FELHPRITQLL	0.6	7	3	2	0	5.36	33	22	HLA-B*08:01,HLA-C*06:02,HLA-C*07:01
TC2N	K>N	neoepitope_138	IEAVNQWNETVINPEKV	1.55	7	3	3	1	0.7	70	23	HLA-B*45:01,HLA-C*06:02,HLA-C*07:01
DLGAP5	S>L	neoepitope_186	VVQPVMPTLLRMTRSAT	1.4	6	4	2	4	38.61	65	24	HLA-A*29:02,HLA-B*08:01,HLA-C*06:02,HLA-C*07:01
C15orf57-CBX3	FUSION	neoepitope_106	SEVYLASLVHRLRAA	0.9	7	3	2	0	10.47	46	25	HLA-A*29:02,HLA-B*08:01,HLA-B*45:01
PANX2	S>F	neoepitope_10	PALGWEFLAFTRLTSELNF	1.7	8	4	2	5	9.629999999999999	74	26	HLA-A*29:02,HLA-B*08:01,HLA-C*06:02,HLA-C*07:01
MT-ND2	V>A	neoepitope_173	GMAPFHFWAPEVTQ	1.4	7	5	1	3	438.31	66	27	HLA-A*29:02,HLA-B*08:01,HLA-B*45:01,HLA-C*06:02,HLA-C*07:01
VPS54	D>H	neoepitope_90	QWFDLLKHIFSKFTIFL	1.0	6	3	2	3	2.86	48	28	HLA-A*29:02,HLA-B*08:01,HLA-C*06:02
CLPTM1L	K>N	neoepitope_75	ISFWNKKKSMIGM	1.3	9	3	2	2	61.26	55	29	HLA-B*08:01,HLA-C*06:02,HLA-C*07:01
IPO8-FTH1	FUSION	neoepitope_61	IIRSPDLVSLT	1.25	5	3	2	0	0.0	54	30	HLA-B*08:01,HLA-C*06:02,HLA-C*07:01
UQCC1	W>S	neoepitope_161	SRTSQSPQMS	0.8	4	2	2	1	6.15	43	31	HLA-C*06:02,HLA-C*07:01
SLC25A30	M>I	neoepitope_1	VRTRIMNQRVLR	0.3	7	3	2	0	13.5	13	32	HLA-B*08:01,HLA-C*06:02,HLA-C*07:01
MGST1-TPT1	FUSION	neoepitope_7,neoepitope_8	DRVERVRRGL	0.5	5	3	2	0	2.5900000000000003	30	33	HLA-B*08:01,HLA-C*06:02,HLA-C*07:01
GOLGB1	A>G	neoepitope_5	AEEGKKEQVE	1.3	3	1	2	0	8.25	56	34	HLA-B*45:01
KIF1C	S>F	neoepitope_101	SFSPNTEFQIGPEEA	0.45	4	3	1	1	5.05	25	35	HLA-A*29:02,HLA-B*45:01,HLA-C*07:01
LMF1-FOXK2	FUSION	neoepitope_34	KALAFVYSAASPLHML	2.55	9	4	2	0	7.66	108	36	HLA-A*29:02,HLA-B*45:01,HLA-C*06:02,HLA-C*07:01
NCL-NPM1	FUSION	neoepitope_142,neoepitope_151	SEEDEVFIIILF	1.35	4	1	2	0	5.75	62	37	HLA-B*45:01
TUBGCP6	H>R	neoepitope_38	FGALVRSRTYDMDV	0.3	6	4	1	0	0.16	16	38	HLA-A*29:02,HLA-B*08:01,HLA-C*06:02,HLA-C*07:01
PLXNA4	S>I	neoepitope_93	EHYLSGVNEIGSVFGVI	0.7	4	3	1	2	0.13	39	39	HLA-B*45:01,HLA-C*06:02,HLA-C*07:01
ZNF141	H>Y	neoepitope_192	RVLNEHKKIYTGEKPY	2.15	6	3	2	5	0.34	90	40	HLA-A*29:02,HLA-B*45:01,HLA-C*06:02
FOSL2-BRE	FUSION	neoepitope_193	WRIKSCTWRLL	1.0	5	3	1	0	83.75	49	41	HLA-B*08:01,HLA-C*06:02,HLA-C*07:01
C15orf57-CBX3	FUSION	neoepitope_103	SEVYLASLVIAL	1.85	4	2	2	0	10.47	82	42	HLA-B*08:01,HLA-B*45:01
GALK2	A>S	neoepitope_73	MDQSISFLSEEGTAKLIE	1.95	6	4	1	1	11.06	84	43	HLA-B*08:01,HLA-B*45:01,HLA-C*06:02,HLA-C*07:01
IPO8-FTH1	FUSION	neoepitope_54	IRSPDLVRSWCISSTA	2.1	6	2	2	0	0.0	87	44	HLA-C*06:02,HLA-C*07:01
GLB1	S>R	neoepitope_69	ASYNSAGRNI	1.8	4	2	2	4	1.39	81	45	HLA-C*06:02,HLA-C*07:01
MTRR	E>Q	neoepitope_195	QFIFTWCLQI	2.2	4	2	2	1	19.58	93	46	HLA-A*29:02,HLA-C*06:02
EDRF1	P>A	neoepitope_47	HMLVGSNMAIFGGGRY	0.35	4	2	1	0	4.4399999999999995	17	47	HLA-A*29:02,HLA-B*08:01
MT-ND2	L>I	neoepitope_172	VSLLLTISILSI	1.8	4	1	2	1	438.31	80	48	HLA-B*08:01
ZNF25	E>K	neoepitope_125	FTKEKWKLLTPA	1.3	4	3	1	1	7.7	59	49	HLA-B*08:01,HLA-B*45:01,HLA-C*06:02
MT-ND6	A>V	neoepitope_27	REDPIGVGALYDY	0.6	4	2	1	0	167.43	34	50	HLA-A*29:02,HLA-B*45:01
IPO8-FTH1	FUSION	neoepitope_57	DRQQIRDNMSWCI	0.85	4	2	1	0	0.0	44	51	HLA-C*06:02,HLA-C*07:01
IPO8-FTH1	FUSION	neoepitope_62	KIFYALVQSYYF	0.2	7	2	5	0	0.0	2	52	HLA-A*29:02,HLA-B*08:01
TAPBP	T>R	neoepitope_42	TFWLPRVQPFQEGTY	1.3	4	2	1	1	147.76999999999998	58	53	HLA-A*29:02,HLA-B*08:01
SMOX	Q>K	neoepitope_87,neoepitope_88	VSLGVLKRKYTSFF	0.2	5	2	2	1	14.42	6	54	HLA-A*29:02,HLA-B*08:01
NCL-NPM1	FUSION	neoepitope_148	EDDDSEEDEAVEPC	2.45	4	1	2	0	2.8000000000000003	101	55	HLA-B*45:01
ZNF646-CTF1	FUSION	neoepitope_160	YRCQQCGRNFSFFF	0.4	4	4	0	0	0.39	21	56	HLA-A*29:02,HLA-B*08:01,HLA-C*06:02,HLA-C*07:01
EIF3K-CYP39A1	FUSION	neoepitope_184	PEMLGDLSASI	1.35	3	2	1	0	2043.9200000000003	63	57	HLA-B*08:01,HLA-B*45:01
CENPE	R>T	neoepitope_79	IEMLGLSKTL	2.8	4	2	2	4	12.1	117	58	HLA-B*08:01,HLA-B*45:01
ELFN2	P>L	neoepitope_17	CELAGNLFNCECDLF	2.95	4	2	2	2	0.25	120	59	HLA-A*29:02,HLA-B*45:01
UNC5C-STPG2	FUSION	neoepitope_131	AEMNNTEESP	0.7	2	1	1	0	13.43	38	60	HLA-B*45:01
NCL-NPM1	FUSION	neoepitope_144	AEDLWNLATT	0.5	2	1	1	0	1480.35	29	61	HLA-B*45:01
ZBTB3	S>F	neoepitope_190	HEPLYLSFEYEAAPGSF	2.25	4	3	1	3	1.12	96	62	HLA-A*29:02,HLA-B*45:01,HLA-C*07:01
DDX27	G>V	neoepitope_113	QEAVGFFEDASQY	0.25	3	2	1	0	0.39	9	63	HLA-A*29:02,HLA-B*45:01
STX12	P>R	neoepitope_40	LLKELGSLRLPL	1.4	3	1	1	2	23.53	64	64	HLA-B*08:01
PSME4	H>D	neoepitope_96	DLAEKIDRQYETI	2.45	4	3	1	1	19.51	103	65	HLA-A*29:02,HLA-B*45:01,HLA-C*07:01
RREB1	L>P	neoepitope_77	GEAPAEKPAEETEG	0.5	3	1	1	0	5.58	28	66	HLA-B*45:01
HSPA4	L>P	neoepitope_111	MEWMNNKLNPQNKQSLTM	0.65	4	4	0	2	24.24	37	67	HLA-B*08:01,HLA-B*45:01,HLA-C*06:02,HLA-C*07:01
PCLO	W>S	neoepitope_180	LRREETDSFDKPR	2.1	3	2	1	0	0.91	89	68	HLA-B*45:01,HLA-C*06:02
CENPQ	D>G	neoepitope_114	IEEAYKKLGAS	0.3	3	1	2	0	1.92	11	69	HLA-B*45:01
NCL-NPM1	FUSION	neoepitope_146	PASEDVMMMMILMM	2.65	4	3	1	0	62.4	112	70	HLA-B*08:01,HLA-B*45:01,HLA-C*06:02
PRELID2	C>R	neoepitope_35	RNMAIRSHRLTWTQYA	0.3	11	4	4	2	1.3400000000000003	12	71	HLA-A*29:02,HLA-B*08:01,HLA-C*06:02,HLA-C*07:01
KLHDC4	R>L	neoepitope_67	RRTESPCQGLLA	0.6	3	3	0	2	0.09	35	72	HLA-B*45:01,HLA-C*06:02,HLA-C*07:01
NPIPB15	Y>C	neoepitope_4	SVDDNLKECLLVPLP	2.0	4	4	0	0	3.48	85	73	HLA-B*08:01,HLA-B*45:01,HLA-C*06:02,HLA-C*07:01
IL1R2	T>I	neoepitope_115	FISYPQILILSTSGVL	3.05	5	3	1	1	0.08	122	74	HLA-B*08:01,HLA-C*06:02,HLA-C*07:01
MFSD3-MROH1	FUSION	neoepitope_167	SQLAPRALQI	2.1	2	1	1	0	68.32	88	75	HLA-B*08:01
NCL-NPM1	FUSION	neoepitope_156	AMKAAAAAPLWNLA	2.55	3	2	1	0	404.5	109	76	HLA-B*08:01,HLA-B*45:01
RGL1	Y>S	neoepitope_194	PCLQKLLDSL	2.2	2	1	1	2	0.24	94	77	HLA-B*08:01
MAP3K6	I>L	neoepitope_9	HDNHIVHRDLKGDNVL	0.9	7	3	0	2	2.75	47	78	HLA-B*08:01,HLA-C*06:02,HLA-C*07:01
AMN1	H>N	neoepitope_183	ASSCSYLNEASLKRCCN	2.45	3	1	1	1	5.5200000000000005	102	79	HLA-B*45:01
TPM4	E>Q	neoepitope_99	KEAETRAQFAERTVAKL	0.3	7	4	1	0	433.96000000000004	15	80	HLA-B*08:01,HLA-B*45:01,HLA-C*06:02,HLA-C*07:01
CCNT1	I>M	neoepitope_129	YLNPRSGGM	2.5	4	4	0	1	4.63	107	81	HLA-A*29:02,HLA-B*08:01,HLA-C*06:02,HLA-C*07:01
WDR78	G>R	neoepitope_135	WVIRKRLDCYDLM	2.45	4	4	0	3	0.05	105	82	HLA-A*29:02,HLA-B*08:01,HLA-C*06:02,HLA-C*07:01
WDR46	V>A	neoepitope_132	IHLGHSNGTASL	1.3	3	3	0	0	9.99	60	83	HLA-B*08:01,HLA-C*06:02,HLA-C*07:01
VARS2	R>Q	neoepitope_98	KAASHLQQLMDEPPA	2.7	4	4	0	0	0.47	114	84	HLA-B*08:01,HLA-B*45:01,HLA-C*06:02,HLA-C*07:01
NBPF1	C>Y	neoepitope_189	LREGRDASYSLNQHLQAL	1.2	6	3	0	4	9.23	53	85	HLA-B*08:01,HLA-C*06:02,HLA-C*07:01
NBPF11	L>V	neoepitope_128	YKYEECKDVIKF	1.4	3	3	0	0	0.79	68	86	HLA-B*45:01,HLA-C*06:02,HLA-C*07:01
XPO5	S>N	neoepitope_120	GYIDWVSMNHITAENCKL	1.4	3	3	0	0	21.72	67	87	HLA-A*29:02,HLA-C*06:02,HLA-C*07:01
DDX27	G>V	neoepitope_112	QEAGVFFEDASQY	0.25	5	3	2	1	23.619999999999997	8	88	HLA-A*29:02,HLA-B*45:01,HLA-C*06:02
DST	M>I	neoepitope_91	FLKKLEALIA	3.3	2	1	1	1	5.18	125	89	HLA-B*08:01
TMEM104-RAB37	FUSION	neoepitope_122	YRIYLTILV	0.35	2	2	0	0	86.2999999999999	18	90	HLA-C*06:02,HLA-C*07:01
KIAA0196	Y>C	neoepitope_121	FLEDYVRCTKLPRRV	0.4	3	2	0	0	34.91	20	91	HLA-C*06:02,HLA-C*07:01
MACF1	E>Q	neoepitope_48	LRTLQQARQL	1.0	2	2	0	0	10.739999999999998	50	92	HLA-C*06:02,HLA-C*07:01
JAKMIP3	R>G	neoepitope_2	QILGERMELLQLA	1.3	2	2	0	1	0.41	61	93	HLA-B*45:01,HLA-C*06:02
IPO8-FTH1	FUSION	neoepitope_52	IRDNIQQGHL	1.4	2	2	0	0	0.0	69	94	HLA-C*06:02,HLA-C*07:01
ZNF277	L>F	neoepitope_118	LYALKQSSIFNQLLL	1.6	3	2	0	2	18.16	71	95	HLA-A*29:02,HLA-B*08:01
NCL-NPM1	FUSION	neoepitope_139,neoepitope_147	SEEDEVMMMMILMM	2.2	3	3	0	0	4.6	95	96	HLA-B*08:01,HLA-B*45:01,HLA-C*07:01
IPO8-FTH1	FUSION	neoepitope_59	IFYALVQVLVHL	4.0	5	4	0	0	0.0	135	97	HLA-A*29:02,HLA-B*08:01,HLA-C*06:02,HLA-C*07:01
BMT2	T>K	neoepitope_181	KISLKTKSDLVSRNY	1.6	3	2	0	1	9.629999999999999	72	98	HLA-A*29:02,HLA-B*08:01
CIC	P>L	neoepitope_100	FGLASSPFQLVAFHPSPA	2.4	4	3	0	2	0.71	99	99	HLA-A*29:02,HLA-B*08:01,HLA-B*45:01
NXT1	F>L	neoepitope_46	MASVDLKTYV	2.45	3	3	0	0	22.61	104	100	HLA-A*29:02,HLA-C*06:02,HLA-C*07:01
TP53	R>H	neoepitope_78	QHMTEVVRHCPHHERCS	1.7	5	2	0	3	172.01000000000002	73	101	HLA-C*06:02,HLA-C*07:01
TSPAN4	I>M	neoepitope_187,neoepitope_188	TGAFVMAMGFVGCL	1.7	2	2	0	2	15.530000000000001	76	102	HLA-B*08:01,HLA-C*06:02
HLA-DRB1	Q>H	neoepitope_64	GMVSTGLIHNGDWTFQTL	2.6	5	3	0	2	6.949999999999999	111	103	HLA-A*29:02,HLA-C*06:02,HLA-C*07:01
NAA25	S>R	neoepitope_19	TRGLEDTMEI	1.7	2	2	0	2	4.08	77	104	HLA-C*06:02,HLA-C*07:01
FARP1	R>L	neoepitope_97	SHADFRDCLAA	1.75	2	2	0	1	7.78	79	105	HLA-B*45:01,HLA-C*07:01
ATXN1	P>S	neoepitope_134	FPEKMGLSAA	1.7	2	2	0	0	3.52	78	106	HLA-B*08:01,HLA-B*45:01
ZNF646-CTF1	FUSION	neoepitope_159	YRCQQCGRFLFLNILF	0.2	11	4	4	0	0.39	5	107	HLA-A*29:02,HLA-B*08:01,HLA-C*06:02,HLA-C*07:01
MED14	F>L	neoepitope_176	CVHIMKLELLPDQAT	2.15	2	2	0	1	9.66	91	108	HLA-B*08:01,HLA-B*45:01
C15orf57-CBX3	FUSION	neoepitope_104	SEVYLASLA	0.45	1	1	0	0	10.47	26	109	HLA-B*45:01
NSMCE2	L>F	neoepitope_123	VESALSSFKNFQACI	3.25	5	3	0	2	63.099999999999994	124	110	HLA-B*08:01,HLA-B*45:01,HLA-C*07:01
XDH	R>G	neoepitope_24	NRIVVGVKRM	2.4	2	2	0	0	2.23	100	111	HLA-C*06:02,HLA-C*07:01
CCHCR1	S>R	neoepitope_166	NLEEGRQRELEEV	2.5	4	2	0	3	5.53	106	112	HLA-C*06:02,HLA-C*07:01
NCL-NPM1	FUSION	neoepitope_153	AAAAPASEDAVEPCYH	2.55	3	2	0	0	78.0	110	113	HLA-A*29:02,HLA-B*45:01
FNDC3B	P>S	neoepitope_18	MKDLLSETTYRIRI	2.7	2	2	0	1	22.83	113	114	HLA-A*29:02,HLA-B*45:01
IPO8-FTH1	FUSION	neoepitope_56	LVSQQGHLV	2.7	2	2	0	0	0.0	115	115	HLA-C*06:02,HLA-C*07:01
NDUFS6	R>H	neoepitope_95	MLGQPAHPHTPL	2.75	2	2	0	1	8.78	116	116	HLA-A*29:02,HLA-B*08:01
ZNF519	P>A	neoepitope_124	AMNKYQHKFL	2.85	2	2	0	0	0.82	118	117	HLA-A*29:02,HLA-B*08:01
C15orf57-CBX3	FUSION	neoepitope_105	SEVYLASLGRRGGPE	2.3	2	2	0	0	10.47	98	118	HLA-B*08:01,HLA-B*45:01
ATF2	D>H	neoepitope_23	DPHEKRRKFL	0.85	1	1	0	0	35.02	45	119	HLA-B*08:01
SH2B2	H>R	neoepitope_26	SDYPWFRGTLSRVKA	3.25	4	2	0	2	1.14	123	120	HLA-C*06:02,HLA-C*07:01
ENPP5	L>I	neoepitope_71	MTSKFILVSFILAAL	3.3	3	2	0	1	0.12	126	121	HLA-A*29:02,HLA-B*08:01
PCDHGA1	S>F	neoepitope_86	QDHGQPPLFATVTLTV	3.35	2	2	0	1	0.18	127	122	HLA-A*29:02,HLA-B*45:01
IPO8-FTH1	FUSION	neoepitope_50	FGKVLQSDVLVHLI	3.4	2	2	0	0	10.0	128	123	HLA-B*08:01,HLA-C*07:01
NCL-NPM1	FUSION	neoepitope_155	SEDVFIIILF	1.7	1	1	0	0	78.0	75	124	HLA-B*45:01
NPIPB15	A>T	neoepitope_3	AETLKNRMG	1.9	1	1	0	0	3.48	83	125	HLA-B*45:01
STAT1	P>A	neoepitope_119	NLSFFLTPACARWAQL	2.05	2	1	0	2	61.32	86	126	HLA-B*08:01
PTPN12	H>Y	neoepitope_107	EHEDVPICIY	2.3	1	1	0	1	90.74	97	127	HLA-C*07:01
ANKEF1	K>N	neoepitope_43	SEGNKVQKG	2.9	1	1	0	0	1.8800000000000001	119	128	HLA-B*45:01
GLB1	S>R	neoepitope_70	TGRNITDAFL	3.0	1	1	0	1	45.760000000000005	121	129	HLA-B*08:01
NUFIP2	R>T	neoepitope_177	QRYQTGLER	3.4	1	1	0	0	7.08	129	130	HLA-C*07:01
NCL-NPM1	FUSION	neoepitope_154	DEDEDEDEA	3.45	1	1	0	0	2.9499999999999997	130	131	HLA-B*45:01
DST	A>T	neoepitope_92	TEGTPIQGS	3.6	1	1	0	0	4.04	131	132	HLA-B*45:01
FGFR1	S>L	neoepitope_83	NVSDALPSL	4.85	2	2	0	2	22.04	139	133	HLA-C*06:02,HLA-C*07:01
VWA7	T>A	neoepitope_41	AFSPFTLVAQGRAGAGLA	3.85	2	1	0	2	0.29	132	134	HLA-B*45:01
USP34	D>H	neoepitope_76	EEHEDDDHG	3.85	1	1	0	1	7.65	133	135	HLA-B*45:01
HIVEP1	A>G	neoepitope_185	IHGPPSHQST	3.9	1	1	0	0	9.200000000000001	134	136	HLA-C*07:01
MRI1	R>T	neoepitope_6	LTDNRSIGDL	4.15	1	1	0	0	3.15	136	137	HLA-B*08:01
CEP85L	S>F	neoepitope_72	FEQKLAFTE	4.25	1	1	0	1	3.1500000000000004	137	138	HLA-B*45:01
ADNP2	R>I	neoepitope_170	AVHLVRCISA	4.35	1	1	0	0	4.65	138	139	HLA-B*45:01
ARID1B	G>A	neoepitope_20	SPGGQMHAA	4.9	1	1	0	1	5.779999999999999	140	140	HLA-B*08:01
